<keymap version="1" name="Big Dick Keymap" parent="Mac OS X 10.5+">
  <action id="$Delete">
    <keyboard-shortcut first-keystroke="delete" />
    <keyboard-shortcut first-keystroke="back_space" />
  </action>
  <action id="Arrangement.Alias.Rule.Match.Condition.Move.Up" />
  <action id="Arrangement.Alias.Rule.Remove">
    <keyboard-shortcut first-keystroke="delete" />
    <keyboard-shortcut first-keystroke="back_space" />
  </action>
  <action id="Arrangement.Rule.Match.Condition.Move.Down" />
  <action id="Arrangement.Rule.Match.Condition.Move.Up" />
  <action id="Arrangement.Rule.Remove">
    <keyboard-shortcut first-keystroke="delete" />
    <keyboard-shortcut first-keystroke="back_space" />
  </action>
  <action id="AutoIndentLines">
    <keyboard-shortcut first-keystroke="ctrl alt i" />
    <keyboard-shortcut first-keystroke="meta i" />
  </action>
  <action id="ChangesView.Diff" />
  <action id="CompareTwoFiles" />
  <action id="Console.TableResult.CloneRow">
    <keyboard-shortcut first-keystroke="shift meta d" />
  </action>
  <action id="Console.TableResult.CompareCells" />
  <action id="DatabaseView.CopyAction">
    <keyboard-shortcut first-keystroke="shift meta d" />
  </action>
  <action id="DatabaseView.PropertiesAction" />
  <action id="Diff.ShowDiff" />
  <action id="Diff.ShowSettingsPopup" />
  <action id="DomElementsTreeView.DeleteElement">
    <keyboard-shortcut first-keystroke="delete" />
    <keyboard-shortcut first-keystroke="back_space" />
  </action>
  <action id="EditorDeleteLine">
    <keyboard-shortcut first-keystroke="meta d" />
  </action>
  <action id="EditorDeleteToLineStart">
    <keyboard-shortcut first-keystroke="meta back_space" />
  </action>
  <action id="EditorDuplicate">
    <keyboard-shortcut first-keystroke="shift meta d" />
  </action>
  <action id="EditorSelectWord" />
  <action id="EditorUnSelectWord" />
  <action id="FileChooser.GotoDesktop" />
  <action id="GotoChangedFile" />
  <action id="GotoClass" />
  <action id="Graph.Delete">
    <keyboard-shortcut first-keystroke="delete" />
    <keyboard-shortcut first-keystroke="back_space" />
  </action>
  <action id="MethodOverloadSwitchDown" />
  <action id="MethodOverloadSwitchUp" />
  <action id="MoveLineDown">
    <keyboard-shortcut first-keystroke="shift alt down" />
    <keyboard-shortcut first-keystroke="alt down" />
  </action>
  <action id="MoveLineUp">
    <keyboard-shortcut first-keystroke="shift alt up" />
    <keyboard-shortcut first-keystroke="alt up" />
  </action>
  <action id="OptimizeImports">
    <keyboard-shortcut first-keystroke="ctrl alt o" />
    <keyboard-shortcut first-keystroke="meta o" />
  </action>
  <action id="ReformatCode">
    <keyboard-shortcut first-keystroke="meta alt l" />
    <keyboard-shortcut first-keystroke="meta i" />
  </action>
  <action id="RenameElement">
    <keyboard-shortcut first-keystroke="shift f6" />
    <keyboard-shortcut first-keystroke="shift meta r" />
    <keyboard-shortcut first-keystroke="ctrl meta r" />
  </action>
  <action id="ReplaceInPath" />
  <action id="RerunTests">
    <keyboard-shortcut first-keystroke="shift alt r" />
  </action>
  <action id="RunDashboard.CopyConfiguration">
    <keyboard-shortcut first-keystroke="shift meta d" />
  </action>
  <action id="RunDashboard.RemoveConfiguration">
    <keyboard-shortcut first-keystroke="delete" />
    <keyboard-shortcut first-keystroke="back_space" />
  </action>
  <action id="RunDashboard.UngroupConfigurations">
    <keyboard-shortcut first-keystroke="delete" />
    <keyboard-shortcut first-keystroke="back_space" />
  </action>
  <action id="SendEOF" />
  <action id="SmartSelect" />
  <action id="Stop">
    <keyboard-shortcut first-keystroke="meta f2" />
    <keyboard-shortcut first-keystroke="ctrl c" />
  </action>
  <action id="TableResult.GrowSelection" />
  <action id="Uml.ShowDiff" />
  <action id="XDebugger.CopyWatch">
    <keyboard-shortcut first-keystroke="shift meta d" />
  </action>
  <action id="XDebugger.RemoveWatch">
    <keyboard-shortcut first-keystroke="delete" />
    <keyboard-shortcut first-keystroke="back_space" />
  </action>
  <action id="openAssertEqualsDiff" />
</keymap>