<application>
  <component name="ProjectManager">
    <defaultProject>
      <component name="PropertiesComponent"><![CDATA[{
  "keyToString": {
    "scala_project_settings_configurable.last_selected_tab_index": "8",
    "settings.editor.selected.configurable": "workspacesync-settings"
  }
}]]></component>
      <component name="ScalaProjectSettings">
        <option name="intInjectionMapping">
          <map>
            <entry key="css" value="CSS" />
            <entry key="html" value="HTML" />
            <entry key="java" value="JAVA" />
            <entry key="js" value="JavaScript" />
            <entry key="json" value="JSON" />
            <entry key="json5" value="JSON5" />
            <entry key="less" value="LESS" />
            <entry key="md" value="Markdown" />
            <entry key="protobuf" value="protobuf" />
            <entry key="scala" value="Scala" />
            <entry key="sql" value="SQL" />
            <entry key="sqlu" value="SQL" />
            <entry key="svg" value="SVG" />
            <entry key="xhtml" value="XHTML" />
            <entry key="xml" value="XML" />
            <entry key="xpath" value="XPath" />
            <entry key="yaml" value="yaml" />
          </map>
        </option>
      </component>
      <component name="WindowStateProjectService">
        <state x="405" y="118" width="982" height="826" key="SettingsEditor" timestamp="1707427929445">
          <screen x="0" y="25" width="1792" height="1033" />
        </state>
        <state x="405" y="118" key="SettingsEditor/0.25.1792.1033" timestamp="1707427929445" />
        <state x="405" y="118" width="982" height="826" key="SettingsEditor/0.25.1792.1033/1792.25.1920.1055" timestamp="1707267520867" />
      </component>
      <component name="WorkspaceSyncSettings">
        <option name="selectOptionCreation" value="LEGACY" />
      </component>
      <component name="lambda">
        <option name="showAllHandlerGutterIcons" value="true" />
      </component>
    </defaultProject>
  </component>
</application>